[
    104,
    {
        "a": [
            16,
            [
                "aa",
                "ab",
                "ad",
                "ae",
                "ag",
                "ah",
                "ai",
                "al",
                "am",
                "an",
                "ar",
                "as",
                "at",
                "aw",
                "ax",
                "ay"
            ]
        ],
        "b": [
            5,
            [
                "ba",
                "be",
                "bi",
                "bo",
                "by"
            ]
        ],
        "d": [
            4,
            [
                "da",
                "de",
                "di",
                "do"
            ]
        ],
        "e": [
            10,
            [
                "ed",
                "ef",
                "eh",
                "el",
                "em",
                "en",
                "er",
                "es",
                "et",
                "ex"
            ]
        ],
        "f": [
            3,
            [
                "fa",
                "fe",
                "fi"
            ]
        ],
        "g": [
            2,
            [
                "gi",
                "go"
            ]
        ],
        "h": [
            4,
            [
                "ha",
                "he",
                "hi",
                "hm"
            ]
        ],
        "i": [
            5,
            [
                "id",
                "if",
                "in",
                "is",
                "it"
            ]
        ],
        "j": [
            1,
            [
                "jo"
            ]
        ],
        "k": [
            2,
            [
                "ka",
                "ki"
            ]
        ],
        "l": [
            3,
            [
                "la",
                "li",
                "lo"
            ]
        ],
        "m": [
            7,
            [
                "ma",
                "me",
                "mi",
                "mm",
                "mo",
                "mu",
                "my"
            ]
        ],
        "n": [
            4,
            [
                "na",
                "ne",
                "no",
                "nu"
            ]
        ],
        "o": [
            13,
            [
                "od",
                "oe",
                "of",
                "oh",
                "oi",
                "om",
                "on",
                "op",
                "or",
                "os",
                "ow",
                "ox",
                "oy"
            ]
        ],
        "p": [
            3,
            [
                "pa",
                "pe",
                "pi"
            ]
        ],
        "q": [
            1,
            [
                "qi"
            ]
        ],
        "r": [
            1,
            [
                "re"
            ]
        ],
        "s": [
            3,
            [
                "sh",
                "si",
                "so"
            ]
        ],
        "t": [
            3,
            [
                "ta",
                "ti",
                "to"
            ]
        ],
        "u": [
            6,
            [
                "uh",
                "um",
                "un",
                "up",
                "us",
                "ut"
            ]
        ],
        "w": [
            2,
            [
                "we",
                "wo"
            ]
        ],
        "x": [
            2,
            [
                "xi",
                "xu"
            ]
        ],
        "y": [
            3,
            [
                "ya",
                "ye",
                "yo"
            ]
        ],
        "z": [
            1,
            [
                "za"
            ]
        ]
    }
]