[
    1008,
    {
        "a": [
            74,
            {
                "aa": [
                    3,
                    [
                        "aah",
                        "aal",
                        "aas"
                    ]
                ],
                "ab": [
                    3,
                    [
                        "aba",
                        "abs",
                        "aby"
                    ]
                ],
                "ac": [
                    2,
                    [
                        "ace",
                        "act"
                    ]
                ],
                "ad": [
                    4,
                    [
                        "add",
                        "ado",
                        "ads",
                        "adz"
                    ]
                ],
                "af": [
                    2,
                    [
                        "aff",
                        "aft"
                    ]
                ],
                "ag": [
                    4,
                    [
                        "aga",
                        "age",
                        "ago",
                        "ags"
                    ]
                ],
                "ah": [
                    3,
                    [
                        "aha",
                        "ahi",
                        "ahs"
                    ]
                ],
                "ai": [
                    7,
                    [
                        "aid",
                        "ail",
                        "aim",
                        "ain",
                        "air",
                        "ais",
                        "ait"
                    ]
                ],
                "al": [
                    7,
                    [
                        "ala",
                        "alb",
                        "ale",
                        "all",
                        "alp",
                        "als",
                        "alt"
                    ]
                ],
                "am": [
                    4,
                    [
                        "ama",
                        "ami",
                        "amp",
                        "amu"
                    ]
                ],
                "an": [
                    6,
                    [
                        "ana",
                        "and",
                        "ane",
                        "ani",
                        "ant",
                        "any"
                    ]
                ],
                "ap": [
                    4,
                    [
                        "ape",
                        "apo",
                        "app",
                        "apt"
                    ]
                ],
                "ar": [
                    8,
                    [
                        "arb",
                        "arc",
                        "are",
                        "arf",
                        "ark",
                        "arm",
                        "ars",
                        "art"
                    ]
                ],
                "as": [
                    3,
                    [
                        "ash",
                        "ask",
                        "asp"
                    ]
                ],
                "at": [
                    2,
                    [
                        "ate",
                        "att"
                    ]
                ],
                "au": [
                    1,
                    [
                        "auk"
                    ]
                ],
                "av": [
                    3,
                    [
                        "ava",
                        "ave",
                        "avo"
                    ]
                ],
                "aw": [
                    4,
                    [
                        "awa",
                        "awe",
                        "awl",
                        "awn"
                    ]
                ],
                "ax": [
                    1,
                    [
                        "axe"
                    ]
                ],
                "ay": [
                    2,
                    [
                        "aye",
                        "ays"
                    ]
                ],
                "az": [
                    1,
                    [
                        "azo"
                    ]
                ]
            }
        ],
        "b": [
            52,
            {
                "ba": [
                    12,
                    [
                        "baa",
                        "bad",
                        "bag",
                        "bah",
                        "bal",
                        "bam",
                        "ban",
                        "bap",
                        "bar",
                        "bas",
                        "bat",
                        "bay"
                    ]
                ],
                "be": [
                    8,
                    [
                        "bed",
                        "bee",
                        "beg",
                        "bel",
                        "ben",
                        "bes",
                        "bet",
                        "bey"
                    ]
                ],
                "bi": [
                    8,
                    [
                        "bib",
                        "bid",
                        "big",
                        "bin",
                        "bio",
                        "bis",
                        "bit",
                        "biz"
                    ]
                ],
                "bo": [
                    11,
                    [
                        "boa",
                        "bob",
                        "bod",
                        "bog",
                        "boo",
                        "bop",
                        "bos",
                        "bot",
                        "bow",
                        "box",
                        "boy"
                    ]
                ],
                "br": [
                    3,
                    [
                        "bra",
                        "bro",
                        "brr"
                    ]
                ],
                "bu": [
                    8,
                    [
                        "bub",
                        "bud",
                        "bug",
                        "bun",
                        "bur",
                        "bus",
                        "but",
                        "buy"
                    ]
                ],
                "by": [
                    2,
                    [
                        "bye",
                        "bys"
                    ]
                ]
            }
        ],
        "c": [
            37,
            {
                "ca": [
                    9,
                    [
                        "cab",
                        "cad",
                        "cam",
                        "can",
                        "cap",
                        "car",
                        "cat",
                        "caw",
                        "cay"
                    ]
                ],
                "ce": [
                    3,
                    [
                        "cee",
                        "cel",
                        "cep"
                    ]
                ],
                "ch": [
                    1,
                    [
                        "chi"
                    ]
                ],
                "ci": [
                    2,
                    [
                        "cig",
                        "cis"
                    ]
                ],
                "co": [
                    13,
                    [
                        "cob",
                        "cod",
                        "cog",
                        "col",
                        "con",
                        "coo",
                        "cop",
                        "cor",
                        "cos",
                        "cot",
                        "cow",
                        "coy",
                        "coz"
                    ]
                ],
                "cr": [
                    2,
                    [
                        "cru",
                        "cry"
                    ]
                ],
                "cu": [
                    6,
                    [
                        "cub",
                        "cud",
                        "cue",
                        "cup",
                        "cur",
                        "cut"
                    ]
                ],
                "cw": [
                    1,
                    [
                        "cwm"
                    ]
                ]
            }
        ],
        "d": [
            55,
            {
                "da": [
                    11,
                    [
                        "dab",
                        "dad",
                        "dag",
                        "dah",
                        "dak",
                        "dal",
                        "dam",
                        "dan",
                        "dap",
                        "daw",
                        "day"
                    ]
                ],
                "de": [
                    11,
                    [
                        "deb",
                        "dee",
                        "def",
                        "dei",
                        "del",
                        "den",
                        "des",
                        "dev",
                        "dew",
                        "dex",
                        "dey"
                    ]
                ],
                "di": [
                    10,
                    [
                        "dib",
                        "did",
                        "die",
                        "dif",
                        "dig",
                        "dim",
                        "din",
                        "dip",
                        "dis",
                        "dit"
                    ]
                ],
                "dn": [
                    1,
                    [
                        "dna"
                    ]
                ],
                "do": [
                    10,
                    [
                        "doc",
                        "doe",
                        "dog",
                        "dol",
                        "dom",
                        "don",
                        "dor",
                        "dos",
                        "dot",
                        "dow"
                    ]
                ],
                "dr": [
                    1,
                    [
                        "dry"
                    ]
                ],
                "du": [
                    10,
                    [
                        "dub",
                        "dud",
                        "due",
                        "dug",
                        "duh",
                        "dui",
                        "dun",
                        "duo",
                        "dup",
                        "dux"
                    ]
                ],
                "dy": [
                    1,
                    [
                        "dye"
                    ]
                ]
            }
        ],
        "e": [
            41,
            {
                "ea": [
                    3,
                    [
                        "ear",
                        "eat",
                        "eau"
                    ]
                ],
                "eb": [
                    1,
                    [
                        "ebb"
                    ]
                ],
                "ec": [
                    1,
                    [
                        "ecu"
                    ]
                ],
                "ed": [
                    2,
                    [
                        "edh",
                        "eds"
                    ]
                ],
                "ee": [
                    2,
                    [
                        "eek",
                        "eel"
                    ]
                ],
                "ef": [
                    3,
                    [
                        "eff",
                        "efs",
                        "eft"
                    ]
                ],
                "eg": [
                    2,
                    [
                        "egg",
                        "ego"
                    ]
                ],
                "ek": [
                    1,
                    [
                        "eke"
                    ]
                ],
                "el": [
                    6,
                    [
                        "eld",
                        "elf",
                        "elk",
                        "ell",
                        "elm",
                        "els"
                    ]
                ],
                "em": [
                    4,
                    [
                        "eme",
                        "emf",
                        "ems",
                        "emu"
                    ]
                ],
                "en": [
                    3,
                    [
                        "end",
                        "eng",
                        "ens"
                    ]
                ],
                "eo": [
                    1,
                    [
                        "eon"
                    ]
                ],
                "er": [
                    6,
                    [
                        "era",
                        "ere",
                        "erg",
                        "ern",
                        "err",
                        "ers"
                    ]
                ],
                "es": [
                    1,
                    [
                        "ess"
                    ]
                ],
                "et": [
                    2,
                    [
                        "eta",
                        "eth"
                    ]
                ],
                "ev": [
                    1,
                    [
                        "eve"
                    ]
                ],
                "ew": [
                    1,
                    [
                        "ewe"
                    ]
                ],
                "ey": [
                    1,
                    [
                        "eye"
                    ]
                ]
            }
        ],
        "f": [
            49,
            {
                "fa": [
                    8,
                    [
                        "fab",
                        "fad",
                        "fan",
                        "far",
                        "fas",
                        "fat",
                        "fax",
                        "fay"
                    ]
                ],
                "fe": [
                    12,
                    [
                        "fed",
                        "fee",
                        "feh",
                        "fem",
                        "fen",
                        "fer",
                        "fes",
                        "fet",
                        "feu",
                        "few",
                        "fey",
                        "fez"
                    ]
                ],
                "fi": [
                    10,
                    [
                        "fib",
                        "fid",
                        "fie",
                        "fig",
                        "fil",
                        "fin",
                        "fir",
                        "fit",
                        "fix",
                        "fiz"
                    ]
                ],
                "fl": [
                    2,
                    [
                        "flu",
                        "fly"
                    ]
                ],
                "fo": [
                    10,
                    [
                        "fob",
                        "foe",
                        "fog",
                        "foh",
                        "fon",
                        "fop",
                        "for",
                        "fou",
                        "fox",
                        "foy"
                    ]
                ],
                "fr": [
                    2,
                    [
                        "fro",
                        "fry"
                    ]
                ],
                "fu": [
                    5,
                    [
                        "fub",
                        "fud",
                        "fug",
                        "fun",
                        "fur"
                    ]
                ]
            }
        ],
        "g": [
            45,
            {
                "ga": [
                    12,
                    [
                        "gab",
                        "gad",
                        "gae",
                        "gag",
                        "gal",
                        "gam",
                        "gan",
                        "gap",
                        "gar",
                        "gas",
                        "gat",
                        "gay"
                    ]
                ],
                "ge": [
                    7,
                    [
                        "ged",
                        "gee",
                        "gel",
                        "gem",
                        "gen",
                        "get",
                        "gey"
                    ]
                ],
                "gh": [
                    1,
                    [
                        "ghi"
                    ]
                ],
                "gi": [
                    7,
                    [
                        "gib",
                        "gid",
                        "gie",
                        "gig",
                        "gin",
                        "gip",
                        "git"
                    ]
                ],
                "gn": [
                    1,
                    [
                        "gnu"
                    ]
                ],
                "go": [
                    9,
                    [
                        "goa",
                        "gob",
                        "god",
                        "goo",
                        "gor",
                        "gos",
                        "got",
                        "gox",
                        "goy"
                    ]
                ],
                "gu": [
                    6,
                    [
                        "gul",
                        "gum",
                        "gun",
                        "gut",
                        "guv",
                        "guy"
                    ]
                ],
                "gy": [
                    2,
                    [
                        "gym",
                        "gyp"
                    ]
                ]
            }
        ],
        "h": [
            48,
            {
                "ha": [
                    12,
                    [
                        "had",
                        "hae",
                        "hag",
                        "hah",
                        "haj",
                        "ham",
                        "hao",
                        "hap",
                        "has",
                        "hat",
                        "haw",
                        "hay"
                    ]
                ],
                "he": [
                    10,
                    [
                        "heh",
                        "hem",
                        "hen",
                        "hep",
                        "her",
                        "hes",
                        "het",
                        "hew",
                        "hex",
                        "hey"
                    ]
                ],
                "hi": [
                    8,
                    [
                        "hic",
                        "hid",
                        "hie",
                        "him",
                        "hin",
                        "hip",
                        "his",
                        "hit"
                    ]
                ],
                "hm": [
                    1,
                    [
                        "hmm"
                    ]
                ],
                "ho": [
                    8,
                    [
                        "hob",
                        "hod",
                        "hog",
                        "hon",
                        "hop",
                        "hot",
                        "how",
                        "hoy"
                    ]
                ],
                "hu": [
                    8,
                    [
                        "hub",
                        "hue",
                        "hug",
                        "huh",
                        "hum",
                        "hun",
                        "hup",
                        "hut"
                    ]
                ],
                "hy": [
                    1,
                    [
                        "hyp"
                    ]
                ]
            }
        ],
        "i": [
            20,
            [
                "ice",
                "ich",
                "ick",
                "icy",
                "ids",
                "iff",
                "ifs",
                "igg",
                "ilk",
                "ill",
                "imp",
                "ink",
                "inn",
                "ins",
                "ion",
                "ire",
                "irk",
                "ism",
                "its",
                "ivy"
            ]
        ],
        "j": [
            22,
            {
                "ja": [
                    6,
                    [
                        "jab",
                        "jag",
                        "jam",
                        "jar",
                        "jaw",
                        "jay"
                    ]
                ],
                "je": [
                    3,
                    [
                        "jee",
                        "jet",
                        "jeu"
                    ]
                ],
                "ji": [
                    3,
                    [
                        "jib",
                        "jig",
                        "jin"
                    ]
                ],
                "jo": [
                    6,
                    [
                        "job",
                        "joe",
                        "jog",
                        "jot",
                        "jow",
                        "joy"
                    ]
                ],
                "ju": [
                    4,
                    [
                        "jug",
                        "jun",
                        "jus",
                        "jut"
                    ]
                ]
            }
        ],
        "k": [
            31,
            {
                "ka": [
                    6,
                    [
                        "kab",
                        "kae",
                        "kaf",
                        "kas",
                        "kat",
                        "kay"
                    ]
                ],
                "ke": [
                    9,
                    [
                        "kea",
                        "ked",
                        "kef",
                        "keg",
                        "ken",
                        "kep",
                        "kev",
                        "kex",
                        "key"
                    ]
                ],
                "kh": [
                    1,
                    [
                        "khi"
                    ]
                ],
                "ki": [
                    7,
                    [
                        "kid",
                        "kif",
                        "kin",
                        "kip",
                        "kir",
                        "kis",
                        "kit"
                    ]
                ],
                "ko": [
                    6,
                    [
                        "koa",
                        "kob",
                        "koi",
                        "kop",
                        "kor",
                        "kos"
                    ]
                ],
                "ku": [
                    1,
                    [
                        "kue"
                    ]
                ],
                "ky": [
                    1,
                    [
                        "kye"
                    ]
                ]
            }
        ],
        "l": [
            45,
            {
                "la": [
                    13,
                    [
                        "lab",
                        "lac",
                        "lad",
                        "lag",
                        "lam",
                        "lap",
                        "lar",
                        "las",
                        "lat",
                        "lav",
                        "law",
                        "lax",
                        "lay"
                    ]
                ],
                "le": [
                    13,
                    [
                        "lea",
                        "led",
                        "lee",
                        "leg",
                        "lei",
                        "lek",
                        "les",
                        "let",
                        "leu",
                        "lev",
                        "lex",
                        "ley",
                        "lez"
                    ]
                ],
                "li": [
                    7,
                    [
                        "lib",
                        "lid",
                        "lie",
                        "lin",
                        "lip",
                        "lis",
                        "lit"
                    ]
                ],
                "lo": [
                    7,
                    [
                        "lob",
                        "log",
                        "loo",
                        "lop",
                        "lot",
                        "low",
                        "lox"
                    ]
                ],
                "lu": [
                    4,
                    [
                        "lug",
                        "lum",
                        "luv",
                        "lux"
                    ]
                ],
                "ly": [
                    1,
                    [
                        "lye"
                    ]
                ]
            }
        ],
        "m": [
            50,
            {
                "ma": [
                    12,
                    [
                        "mac",
                        "mad",
                        "mae",
                        "mag",
                        "man",
                        "map",
                        "mar",
                        "mas",
                        "mat",
                        "maw",
                        "max",
                        "may"
                    ]
                ],
                "me": [
                    7,
                    [
                        "med",
                        "meg",
                        "mel",
                        "mem",
                        "men",
                        "met",
                        "mew"
                    ]
                ],
                "mh": [
                    1,
                    [
                        "mho"
                    ]
                ],
                "mi": [
                    9,
                    [
                        "mib",
                        "mic",
                        "mid",
                        "mig",
                        "mil",
                        "mim",
                        "mir",
                        "mis",
                        "mix"
                    ]
                ],
                "mo": [
                    14,
                    [
                        "moa",
                        "mob",
                        "moc",
                        "mod",
                        "mog",
                        "mol",
                        "mom",
                        "mon",
                        "moo",
                        "mop",
                        "mor",
                        "mos",
                        "mot",
                        "mow"
                    ]
                ],
                "mu": [
                    6,
                    [
                        "mud",
                        "mug",
                        "mum",
                        "mun",
                        "mus",
                        "mut"
                    ]
                ],
                "my": [
                    1,
                    [
                        "myc"
                    ]
                ]
            }
        ],
        "n": [
            33,
            {
                "na": [
                    9,
                    [
                        "nab",
                        "nae",
                        "nag",
                        "nah",
                        "nam",
                        "nan",
                        "nap",
                        "naw",
                        "nay"
                    ]
                ],
                "ne": [
                    5,
                    [
                        "neb",
                        "nee",
                        "neg",
                        "net",
                        "new"
                    ]
                ],
                "ni": [
                    5,
                    [
                        "nib",
                        "nil",
                        "nim",
                        "nit",
                        "nix"
                    ]
                ],
                "no": [
                    9,
                    [
                        "nod",
                        "nog",
                        "noh",
                        "nom",
                        "noo",
                        "nor",
                        "nos",
                        "not",
                        "now"
                    ]
                ],
                "nt": [
                    1,
                    [
                        "nth"
                    ]
                ],
                "nu": [
                    4,
                    [
                        "nub",
                        "nun",
                        "nus",
                        "nut"
                    ]
                ]
            }
        ],
        "o": [
            48,
            {
                "oa": [
                    4,
                    [
                        "oaf",
                        "oak",
                        "oar",
                        "oat"
                    ]
                ],
                "ob": [
                    3,
                    [
                        "oba",
                        "obe",
                        "obi"
                    ]
                ],
                "oc": [
                    1,
                    [
                        "oca"
                    ]
                ],
                "od": [
                    4,
                    [
                        "oda",
                        "odd",
                        "ode",
                        "ods"
                    ]
                ],
                "oe": [
                    1,
                    [
                        "oes"
                    ]
                ],
                "of": [
                    2,
                    [
                        "off",
                        "oft"
                    ]
                ],
                "oh": [
                    3,
                    [
                        "ohm",
                        "oho",
                        "ohs"
                    ]
                ],
                "oi": [
                    1,
                    [
                        "oil"
                    ]
                ],
                "ok": [
                    2,
                    [
                        "oka",
                        "oke"
                    ]
                ],
                "ol": [
                    2,
                    [
                        "old",
                        "ole"
                    ]
                ],
                "om": [
                    1,
                    [
                        "oms"
                    ]
                ],
                "on": [
                    3,
                    [
                        "one",
                        "ono",
                        "ons"
                    ]
                ],
                "oo": [
                    2,
                    [
                        "ooh",
                        "oot"
                    ]
                ],
                "op": [
                    3,
                    [
                        "ope",
                        "ops",
                        "opt"
                    ]
                ],
                "or": [
                    6,
                    [
                        "ora",
                        "orb",
                        "orc",
                        "ore",
                        "ors",
                        "ort"
                    ]
                ],
                "os": [
                    1,
                    [
                        "ose"
                    ]
                ],
                "ou": [
                    3,
                    [
                        "oud",
                        "our",
                        "out"
                    ]
                ],
                "ov": [
                    1,
                    [
                        "ova"
                    ]
                ],
                "ow": [
                    3,
                    [
                        "owe",
                        "owl",
                        "own"
                    ]
                ],
                "ox": [
                    2,
                    [
                        "oxo",
                        "oxy"
                    ]
                ]
            }
        ],
        "p": [
            63,
            {
                "pa": [
                    13,
                    [
                        "pac",
                        "pad",
                        "pah",
                        "pal",
                        "pam",
                        "pan",
                        "pap",
                        "par",
                        "pas",
                        "pat",
                        "paw",
                        "pax",
                        "pay"
                    ]
                ],
                "pe": [
                    12,
                    [
                        "pea",
                        "pec",
                        "ped",
                        "pee",
                        "peg",
                        "peh",
                        "pen",
                        "pep",
                        "per",
                        "pes",
                        "pet",
                        "pew"
                    ]
                ],
                "ph": [
                    2,
                    [
                        "phi",
                        "pht"
                    ]
                ],
                "pi": [
                    9,
                    [
                        "pia",
                        "pic",
                        "pie",
                        "pin",
                        "pip",
                        "pis",
                        "pit",
                        "piu",
                        "pix"
                    ]
                ],
                "pl": [
                    1,
                    [
                        "ply"
                    ]
                ],
                "po": [
                    10,
                    [
                        "pod",
                        "poh",
                        "poi",
                        "pol",
                        "pom",
                        "poo",
                        "pop",
                        "pot",
                        "pow",
                        "pox"
                    ]
                ],
                "pr": [
                    2,
                    [
                        "pro",
                        "pry"
                    ]
                ],
                "ps": [
                    2,
                    [
                        "psi",
                        "pst"
                    ]
                ],
                "pu": [
                    9,
                    [
                        "pub",
                        "pud",
                        "pug",
                        "pul",
                        "pun",
                        "pup",
                        "pur",
                        "pus",
                        "put"
                    ]
                ],
                "py": [
                    3,
                    [
                        "pya",
                        "pye",
                        "pyx"
                    ]
                ]
            }
        ],
        "q": [
            3,
            [
                "qat",
                "qis",
                "qua"
            ]
        ],
        "r": [
            50,
            {
                "ra": [
                    13,
                    [
                        "rad",
                        "rag",
                        "rah",
                        "rai",
                        "raj",
                        "ram",
                        "ran",
                        "rap",
                        "ras",
                        "rat",
                        "raw",
                        "rax",
                        "ray"
                    ]
                ],
                "re": [
                    13,
                    [
                        "reb",
                        "rec",
                        "red",
                        "ree",
                        "ref",
                        "reg",
                        "rei",
                        "rem",
                        "rep",
                        "res",
                        "ret",
                        "rev",
                        "rex"
                    ]
                ],
                "rh": [
                    1,
                    [
                        "rho"
                    ]
                ],
                "ri": [
                    8,
                    [
                        "ria",
                        "rib",
                        "rid",
                        "rif",
                        "rig",
                        "rim",
                        "rin",
                        "rip"
                    ]
                ],
                "ro": [
                    7,
                    [
                        "rob",
                        "roc",
                        "rod",
                        "roe",
                        "rom",
                        "rot",
                        "row"
                    ]
                ],
                "ru": [
                    6,
                    [
                        "rub",
                        "rue",
                        "rug",
                        "rum",
                        "run",
                        "rut"
                    ]
                ],
                "ry": [
                    2,
                    [
                        "rya",
                        "rye"
                    ]
                ]
            }
        ],
        "s": [
            63,
            {
                "sa": [
                    12,
                    [
                        "sab",
                        "sac",
                        "sad",
                        "sae",
                        "sag",
                        "sal",
                        "sap",
                        "sat",
                        "sau",
                        "saw",
                        "sax",
                        "say"
                    ]
                ],
                "se": [
                    10,
                    [
                        "sea",
                        "sec",
                        "see",
                        "seg",
                        "sei",
                        "sel",
                        "sen",
                        "ser",
                        "set",
                        "sew"
                    ]
                ],
                "sh": [
                    4,
                    [
                        "sha",
                        "she",
                        "shh",
                        "shy"
                    ]
                ],
                "si": [
                    9,
                    [
                        "sib",
                        "sic",
                        "sim",
                        "sin",
                        "sip",
                        "sir",
                        "sis",
                        "sit",
                        "six"
                    ]
                ],
                "sk": [
                    3,
                    [
                        "ska",
                        "ski",
                        "sky"
                    ]
                ],
                "sl": [
                    1,
                    [
                        "sly"
                    ]
                ],
                "so": [
                    12,
                    [
                        "sob",
                        "sod",
                        "sol",
                        "som",
                        "son",
                        "sop",
                        "sos",
                        "sot",
                        "sou",
                        "sow",
                        "sox",
                        "soy"
                    ]
                ],
                "sp": [
                    2,
                    [
                        "spa",
                        "spy"
                    ]
                ],
                "sr": [
                    1,
                    [
                        "sri"
                    ]
                ],
                "st": [
                    1,
                    [
                        "sty"
                    ]
                ],
                "su": [
                    7,
                    [
                        "sub",
                        "sue",
                        "suk",
                        "sum",
                        "sun",
                        "sup",
                        "suq"
                    ]
                ],
                "sy": [
                    1,
                    [
                        "syn"
                    ]
                ]
            }
        ],
        "t": [
            56,
            {
                "ta": [
                    16,
                    [
                        "tab",
                        "tad",
                        "tae",
                        "tag",
                        "taj",
                        "tam",
                        "tan",
                        "tao",
                        "tap",
                        "tar",
                        "tas",
                        "tat",
                        "tau",
                        "tav",
                        "taw",
                        "tax"
                    ]
                ],
                "te": [
                    8,
                    [
                        "tea",
                        "ted",
                        "tee",
                        "teg",
                        "tel",
                        "ten",
                        "tet",
                        "tew"
                    ]
                ],
                "th": [
                    3,
                    [
                        "the",
                        "tho",
                        "thy"
                    ]
                ],
                "ti": [
                    6,
                    [
                        "tic",
                        "tie",
                        "til",
                        "tin",
                        "tip",
                        "tis"
                    ]
                ],
                "to": [
                    11,
                    [
                        "tod",
                        "toe",
                        "tog",
                        "tom",
                        "ton",
                        "too",
                        "top",
                        "tor",
                        "tot",
                        "tow",
                        "toy"
                    ]
                ],
                "tr": [
                    1,
                    [
                        "try"
                    ]
                ],
                "ts": [
                    1,
                    [
                        "tsk"
                    ]
                ],
                "tu": [
                    7,
                    [
                        "tub",
                        "tug",
                        "tui",
                        "tun",
                        "tup",
                        "tut",
                        "tux"
                    ]
                ],
                "tw": [
                    2,
                    [
                        "twa",
                        "two"
                    ]
                ],
                "ty": [
                    1,
                    [
                        "tye"
                    ]
                ]
            }
        ],
        "u": [
            17,
            [
                "udo",
                "ugh",
                "uke",
                "ulu",
                "umm",
                "ump",
                "uns",
                "upo",
                "ups",
                "urb",
                "urd",
                "urn",
                "urp",
                "use",
                "uta",
                "ute",
                "uts"
            ]
        ],
        "v": [
            25,
            {
                "va": [
                    8,
                    [
                        "vac",
                        "van",
                        "var",
                        "vas",
                        "vat",
                        "vau",
                        "vav",
                        "vaw"
                    ]
                ],
                "ve": [
                    4,
                    [
                        "vee",
                        "veg",
                        "vet",
                        "vex"
                    ]
                ],
                "vi": [
                    7,
                    [
                        "via",
                        "vid",
                        "vie",
                        "vig",
                        "vim",
                        "vin",
                        "vis"
                    ]
                ],
                "vo": [
                    4,
                    [
                        "voe",
                        "von",
                        "vow",
                        "vox"
                    ]
                ],
                "vu": [
                    2,
                    [
                        "vug",
                        "vum"
                    ]
                ]
            }
        ],
        "w": [
            36,
            {
                "wa": [
                    12,
                    [
                        "wab",
                        "wad",
                        "wae",
                        "wag",
                        "wan",
                        "wap",
                        "war",
                        "was",
                        "wat",
                        "waw",
                        "wax",
                        "way"
                    ]
                ],
                "we": [
                    5,
                    [
                        "web",
                        "wed",
                        "wee",
                        "wen",
                        "wet"
                    ]
                ],
                "wh": [
                    3,
                    [
                        "wha",
                        "who",
                        "why"
                    ]
                ],
                "wi": [
                    5,
                    [
                        "wig",
                        "win",
                        "wis",
                        "wit",
                        "wiz"
                    ]
                ],
                "wo": [
                    7,
                    [
                        "woe",
                        "wok",
                        "won",
                        "woo",
                        "wos",
                        "wot",
                        "wow"
                    ]
                ],
                "wr": [
                    1,
                    [
                        "wry"
                    ]
                ],
                "wu": [
                    1,
                    [
                        "wud"
                    ]
                ],
                "wy": [
                    2,
                    [
                        "wye",
                        "wyn"
                    ]
                ]
            }
        ],
        "x": [
            1,
            [
                "xis"
            ]
        ],
        "y": [
            27,
            {
                "ya": [
                    8,
                    [
                        "yag",
                        "yah",
                        "yak",
                        "yam",
                        "yap",
                        "yar",
                        "yaw",
                        "yay"
                    ]
                ],
                "ye": [
                    7,
                    [
                        "yea",
                        "yeh",
                        "yen",
                        "yep",
                        "yes",
                        "yet",
                        "yew"
                    ]
                ],
                "yi": [
                    2,
                    [
                        "yin",
                        "yip"
                    ]
                ],
                "yo": [
                    7,
                    [
                        "yob",
                        "yod",
                        "yok",
                        "yom",
                        "yon",
                        "you",
                        "yow"
                    ]
                ],
                "yu": [
                    3,
                    [
                        "yuk",
                        "yum",
                        "yup"
                    ]
                ]
            }
        ],
        "z": [
            17,
            [
                "zag",
                "zap",
                "zas",
                "zax",
                "zed",
                "zee",
                "zek",
                "zen",
                "zep",
                "zig",
                "zin",
                "zip",
                "zit",
                "zoa",
                "zoo",
                "zuz",
                "zzz"
            ]
        ]
    }
]